,label
2527,REAL
9812,FAKE
5873,FAKE
10529,FAKE
5866,FAKE
5001,REAL
9672,FAKE
2730,REAL
6833,FAKE
10534,FAKE
7346,FAKE
22,REAL
9172,FAKE
5966,FAKE
10076,FAKE
7838,FAKE
10156,FAKE
5,REAL
2752,REAL
866,REAL
4015,REAL
3855,REAL
5809,FAKE
7111,FAKE
9182,FAKE
5999,FAKE
428,REAL
5223,REAL
4544,REAL
4411,REAL
9031,FAKE
5446,FAKE
10047,FAKE
8512,FAKE
2433,REAL
8041,FAKE
5530,FAKE
5385,FAKE
1300,REAL
234,REAL
9424,FAKE
7484,FAKE
4792,REAL
3395,REAL
2263,REAL
765,REAL
10392,FAKE
10528,FAKE
8570,FAKE
5879,FAKE
4842,REAL
6677,FAKE
2970,REAL
7713,FAKE
9555,FAKE
6380,FAKE
8946,FAKE
5028,REAL
6128,FAKE
4442,REAL
2411,REAL
6151,FAKE
7818,FAKE
8111,FAKE
967,REAL
10212,FAKE
686,REAL
868,REAL
4567,REAL
10429,FAKE
7841,FAKE
1831,REAL
9749,FAKE
8496,FAKE
1427,REAL
6796,FAKE
525,REAL
8346,FAKE
3456,REAL
2758,REAL
2877,REAL
2382,REAL
2998,REAL
6231,FAKE
2666,REAL
9473,FAKE
9884,FAKE
9033,FAKE
9073,FAKE
2474,REAL
7285,FAKE
10490,FAKE
7399,FAKE
10491,FAKE
7749,FAKE
1219,REAL
8295,FAKE
3922,REAL
2874,REAL
4828,REAL
2489,REAL
9740,FAKE
7565,FAKE
8308,FAKE
9436,FAKE
699,REAL
5950,FAKE
7386,FAKE
5728,FAKE
3494,REAL
3147,REAL
7062,FAKE
1001,REAL
3398,REAL
6669,FAKE
3637,REAL
7925,FAKE
6097,FAKE
1646,REAL
5627,FAKE
9085,FAKE
6684,FAKE
8257,FAKE
3543,REAL
10532,FAKE
6061,FAKE
9420,FAKE
4197,REAL
3302,REAL
1471,REAL
783,REAL
9165,FAKE
2954,REAL
4844,REAL
363,REAL
10546,FAKE
662,REAL
6216,FAKE
8500,FAKE
9944,FAKE
6889,FAKE
4096,REAL
10248,FAKE
8801,FAKE
1953,REAL
3571,REAL
3132,REAL
149,REAL
1467,REAL
8397,FAKE
2259,REAL
10495,FAKE
7937,FAKE
3753,REAL
6614,FAKE
8345,FAKE
4607,REAL
763,REAL
3863,REAL
7375,FAKE
5939,FAKE
587,REAL
10274,FAKE
4801,REAL
491,REAL
5305,FAKE
5507,FAKE
1190,REAL
481,REAL
4605,REAL
2920,REAL
10070,FAKE
7442,FAKE
4041,REAL
929,REAL
8170,FAKE
10271,FAKE
2806,REAL
10439,FAKE
3568,REAL
3929,REAL
10404,FAKE
7888,FAKE
3987,REAL
1708,REAL
8571,FAKE
3320,REAL
7005,FAKE
2465,REAL
8527,FAKE
1070,REAL
8039,FAKE
6189,FAKE
6851,FAKE
9430,FAKE
850,REAL
3489,REAL
2260,REAL
3958,REAL
5082,REAL
2557,REAL
9897,FAKE
7325,FAKE
4695,REAL
5980,FAKE
301,REAL
4948,REAL
2296,REAL
223,REAL
7766,FAKE
6372,FAKE
2376,REAL
4691,REAL
5061,REAL
2323,REAL
3208,REAL
2773,REAL
1666,REAL
8128,FAKE
1787,REAL
6210,FAKE
3509,REAL
7287,FAKE
5383,FAKE
4309,REAL
4103,REAL
1326,REAL
4294,REAL
3504,REAL
9204,FAKE
2655,REAL
832,REAL
1094,REAL
6727,FAKE
8213,FAKE
1280,REAL
3570,REAL
6600,FAKE
4967,REAL
1364,REAL
6005,FAKE
9413,FAKE
3816,REAL
9642,FAKE
7806,FAKE
8164,FAKE
6717,FAKE
9819,FAKE
9356,FAKE
1029,REAL
5231,REAL
7670,FAKE
684,REAL
6368,FAKE
8012,FAKE
6014,FAKE
1887,REAL
6930,FAKE
10074,FAKE
5929,FAKE
7180,FAKE
7015,FAKE
4722,REAL
7408,FAKE
2967,REAL
612,REAL
7658,FAKE
410,REAL
2720,REAL
3609,REAL
5425,FAKE
978,REAL
2518,REAL
7184,FAKE
7717,FAKE
4069,REAL
8215,FAKE
6757,FAKE
8055,FAKE
5737,FAKE
2112,REAL
9273,FAKE
2308,REAL
3642,REAL
793,REAL
10105,FAKE
8008,FAKE
6274,FAKE
2895,REAL
10145,FAKE
8919,FAKE
6946,FAKE
7819,FAKE
4599,REAL
2572,REAL
2225,REAL
7909,FAKE
10289,FAKE
8614,FAKE
814,REAL
1168,REAL
4608,REAL
9769,FAKE
605,REAL
9950,FAKE
10413,FAKE
849,REAL
9624,FAKE
3326,REAL
1742,REAL
5594,FAKE
784,REAL
7330,FAKE
10423,FAKE
9610,FAKE
2043,REAL
6670,FAKE
4360,REAL
8269,FAKE
5318,FAKE
7041,FAKE
6616,FAKE
2847,REAL
1668,REAL
2767,REAL
1424,REAL
2925,REAL
9500,FAKE
1164,REAL
6156,FAKE
5649,FAKE
5139,REAL
3063,REAL
76,REAL
4170,REAL
4543,REAL
10072,FAKE
9938,FAKE
6314,FAKE
9213,FAKE
2732,REAL
2714,REAL
8676,FAKE
7861,FAKE
9605,FAKE
2577,REAL
10054,FAKE
405,REAL
1431,REAL
5546,FAKE
6754,FAKE
6625,FAKE
4391,REAL
7655,FAKE
7878,FAKE
4105,REAL
10501,FAKE
6647,FAKE
4125,REAL
6271,FAKE
7246,FAKE
9383,FAKE
7072,FAKE
9727,FAKE
9536,FAKE
2116,REAL
7940,FAKE
10236,FAKE
5366,FAKE
9374,FAKE
9239,FAKE
4318,REAL
6571,FAKE
2617,REAL
51,REAL
3007,REAL
6096,FAKE
9540,FAKE
6816,FAKE
7129,FAKE
9335,FAKE
3154,REAL
3332,REAL
1351,REAL
10009,FAKE
10216,FAKE
8474,FAKE
1305,REAL
2834,REAL
9170,FAKE
3009,REAL
5633,FAKE
692,REAL
1178,REAL
2146,REAL
9124,FAKE
7179,FAKE
3522,REAL
5797,FAKE
9992,FAKE
2523,REAL
4781,REAL
1340,REAL
10533,FAKE
2671,REAL
8124,FAKE
4803,REAL
3183,REAL
10132,FAKE
4033,REAL
9132,FAKE
3166,REAL
4115,REAL
2265,REAL
7987,FAKE
6763,FAKE
8291,FAKE
4138,REAL
4562,REAL
1415,REAL
2927,REAL
210,REAL
6823,FAKE
6583,FAKE
9696,FAKE
7568,FAKE
8778,FAKE
10321,FAKE
7319,FAKE
4846,REAL
2793,REAL
7531,FAKE
667,REAL
4021,REAL
6322,FAKE
2678,REAL
6539,FAKE
8191,FAKE
10343,FAKE
5101,REAL
6299,FAKE
2826,REAL
7303,FAKE
5513,FAKE
6633,FAKE
4646,REAL
1284,REAL
4537,REAL
1288,REAL
755,REAL
8566,FAKE
1498,REAL
4286,REAL
6962,FAKE
1704,REAL
7666,FAKE
10144,FAKE
6058,FAKE
6645,FAKE
3901,REAL
1369,REAL
8081,FAKE
5630,FAKE
4414,REAL
9091,FAKE
8520,FAKE
6457,FAKE
2760,REAL
1367,REAL
6610,FAKE
9526,FAKE
10464,FAKE
7994,FAKE
7813,FAKE
6863,FAKE
8720,FAKE
10171,FAKE
6349,FAKE
1595,REAL
1028,REAL
3654,REAL
8002,FAKE
4634,REAL
6192,FAKE
352,REAL
6176,FAKE
5244,REAL
5175,REAL
90,REAL
6985,FAKE
3933,REAL
4020,REAL
8430,FAKE
5308,FAKE
2169,REAL
9677,FAKE
5680,FAKE
9045,FAKE
3260,REAL
6047,FAKE
1128,REAL
231,REAL
1123,REAL
8998,FAKE
4314,REAL
238,REAL
3051,REAL
4501,REAL
1530,REAL
1107,REAL
436,REAL
7233,FAKE
1834,REAL
1817,REAL
5979,FAKE
6627,FAKE
3013,REAL
10230,FAKE
8283,FAKE
5435,FAKE
3935,REAL
2227,REAL
1352,REAL
1362,REAL
201,REAL
8143,FAKE
5604,FAKE
7488,FAKE
5481,FAKE
7903,FAKE
6652,FAKE
9666,FAKE
5682,FAKE
6514,FAKE
7188,FAKE
1511,REAL
6497,FAKE
8967,FAKE
2020,REAL
6144,FAKE
2949,REAL
1479,REAL
8888,FAKE
5447,FAKE
10182,FAKE
8098,FAKE
5806,FAKE
8104,FAKE
1665,REAL
6489,FAKE
2667,REAL
906,REAL
9751,FAKE
5894,FAKE
7381,FAKE
4178,REAL
4416,REAL
7639,FAKE
7320,FAKE
6193,FAKE
9113,FAKE
6911,FAKE
593,REAL
7395,FAKE
2171,REAL
6841,FAKE
1914,REAL
9698,FAKE
9964,FAKE
6351,FAKE
919,REAL
4837,REAL
7455,FAKE
3891,REAL
4885,REAL
9857,FAKE
2373,REAL
1776,REAL
4382,REAL
5090,REAL
9399,FAKE
9786,FAKE
6780,FAKE
7382,FAKE
6265,FAKE
5382,FAKE
10023,FAKE
63,REAL
3995,REAL
3750,REAL
1059,REAL
9975,FAKE
8665,FAKE
3389,REAL
8747,FAKE
10061,FAKE
1338,REAL
6876,FAKE
4218,REAL
2986,REAL
6334,FAKE
3974,REAL
900,REAL
34,REAL
8290,FAKE
6252,FAKE
5178,REAL
5558,FAKE
1241,REAL
5123,REAL
6019,FAKE
381,REAL
6764,FAKE
8379,FAKE
132,REAL
7689,FAKE
5362,FAKE
5168,REAL
7125,FAKE
3502,REAL
932,REAL
6784,FAKE
10116,FAKE
8136,FAKE
6306,FAKE
6749,FAKE
3810,REAL
9029,FAKE
4968,REAL
8114,FAKE
6859,FAKE
5713,FAKE
2206,REAL
4293,REAL
5243,REAL
8792,FAKE
5185,REAL
2875,REAL
6850,FAKE
3510,REAL
3872,REAL
10353,FAKE
3358,REAL
749,REAL
187,REAL
8190,FAKE
3268,REAL
6147,FAKE
2601,REAL
4237,REAL
5042,REAL
7047,FAKE
10214,FAKE
9936,FAKE
4082,REAL
4244,REAL
6161,FAKE
1645,REAL
6246,FAKE
4799,REAL
6170,FAKE
635,REAL
6781,FAKE
6945,FAKE
2796,REAL
3956,REAL
9654,FAKE
9347,FAKE
5474,FAKE
1549,REAL
1099,REAL
3122,REAL
8184,FAKE
6021,FAKE
3068,REAL
4232,REAL
7990,FAKE
10398,FAKE
7768,FAKE
3047,REAL
2162,REAL
6983,FAKE
6282,FAKE
1032,REAL
7230,FAKE
3014,REAL
7575,FAKE
154,REAL
3019,REAL
5577,FAKE
2009,REAL
8369,FAKE
7157,FAKE
2479,REAL
9115,FAKE
2016,REAL
7899,FAKE
5824,FAKE
10138,FAKE
599,REAL
6185,FAKE
10101,FAKE
7593,FAKE
9686,FAKE
9517,FAKE
9914,FAKE
9676,FAKE
507,REAL
6438,FAKE
551,REAL
596,REAL
2959,REAL
5943,FAKE
6894,FAKE
3199,REAL
10197,FAKE
3409,REAL
5727,FAKE
7677,FAKE
10160,FAKE
3463,REAL
7107,FAKE
4025,REAL
10357,FAKE
6542,FAKE
10232,FAKE
5252,REAL
10311,FAKE
7805,FAKE
10287,FAKE
1176,REAL
5951,FAKE
6111,FAKE
8897,FAKE
7792,FAKE
5544,FAKE
5663,FAKE
872,REAL
7078,FAKE
2653,REAL
10189,FAKE
7847,FAKE
602,REAL
6676,FAKE
1359,REAL
6922,FAKE
6729,FAKE
7548,FAKE
4282,REAL
7413,FAKE
6429,FAKE
118,REAL
2825,REAL
2692,REAL
9813,FAKE
1309,REAL
3747,REAL
2647,REAL
1591,REAL
3673,REAL
8662,FAKE
2863,REAL
7678,FAKE
2745,REAL
9607,FAKE
4022,REAL
1875,REAL
8593,FAKE
4182,REAL
1466,REAL
3900,REAL
3682,REAL
9777,FAKE
693,REAL
6989,FAKE
9825,FAKE
3722,REAL
6734,FAKE
10001,FAKE
7416,FAKE
2267,REAL
2706,REAL
102,REAL
8780,FAKE
5250,REAL
4660,REAL
9591,FAKE
2497,REAL
9895,FAKE
4459,REAL
7086,FAKE
3325,REAL
8609,FAKE
9116,FAKE
5647,FAKE
5618,FAKE
4678,REAL
402,REAL
5985,FAKE
4339,REAL
9782,FAKE
6589,FAKE
5344,FAKE
4397,REAL
5418,FAKE
7103,FAKE
2811,REAL
3981,REAL
5571,FAKE
2472,REAL
2928,REAL
8325,FAKE
2034,REAL
8651,FAKE
7757,FAKE
6182,FAKE
3385,REAL
7756,FAKE
8326,FAKE
3053,REAL
6885,FAKE
3527,REAL
5990,FAKE
7314,FAKE
4857,REAL
9885,FAKE
6681,FAKE
9306,FAKE
2232,REAL
5417,FAKE
2071,REAL
1572,REAL
5222,REAL
3728,REAL
10092,FAKE
7446,FAKE
128,REAL
2869,REAL
1775,REAL
3187,REAL
2525,REAL
6668,FAKE
6982,FAKE
3832,REAL
2222,REAL
8550,FAKE
6217,FAKE
1468,REAL
4561,REAL
5619,FAKE
2406,REAL
2356,REAL
4554,REAL
5130,REAL
9228,FAKE
6917,FAKE
2528,REAL
1222,REAL
105,REAL
6814,FAKE
2897,REAL
5857,FAKE
8337,FAKE
84,REAL
10238,FAKE
6872,FAKE
9664,FAKE
7760,FAKE
633,REAL
8244,FAKE
7208,FAKE
2077,REAL
4895,REAL
4307,REAL
9349,FAKE
8030,FAKE
6565,FAKE
9977,FAKE
1267,REAL
5160,REAL
976,REAL
3648,REAL
1698,REAL
1736,REAL
3156,REAL
7573,FAKE
5248,REAL
10029,FAKE
4779,REAL
8053,FAKE
172,REAL
611,REAL
4881,REAL
10148,FAKE
2249,REAL
5326,FAKE
3032,REAL
4301,REAL
5263,REAL
7915,FAKE
334,REAL
6653,FAKE
10111,FAKE
5109,REAL
2529,REAL
1660,REAL
9660,FAKE
4640,REAL
6880,FAKE
2092,REAL
7443,FAKE
5053,REAL
8449,FAKE
9752,FAKE
5646,FAKE
8402,FAKE
2421,REAL
6342,FAKE
6801,FAKE
4529,REAL
9044,FAKE
617,REAL
549,REAL
5805,FAKE
2632,REAL
8208,FAKE
10475,FAKE
9321,FAKE
3281,REAL
510,REAL
4832,REAL
999,REAL
5993,FAKE
2882,REAL
2832,REAL
1356,REAL
7742,FAKE
3649,REAL
4601,REAL
8166,FAKE
1390,REAL
5956,FAKE
10538,FAKE
5828,FAKE
808,REAL
10454,FAKE
3801,REAL
347,REAL
4471,REAL
7543,FAKE
2987,REAL
3602,REAL
3500,REAL
2581,REAL
6835,FAKE
5706,FAKE
1035,REAL
5611,FAKE
7866,FAKE
4989,REAL
7620,FAKE
6936,FAKE
688,REAL
598,REAL
6254,FAKE
3048,REAL
9731,FAKE
10173,FAKE
7055,FAKE
9192,FAKE
1398,REAL
3982,REAL
3250,REAL
8737,FAKE
5039,REAL
8253,FAKE
5887,FAKE
7938,FAKE
9340,FAKE
4085,REAL
4996,REAL
9531,FAKE
5022,REAL
4206,REAL
6407,FAKE
8701,FAKE
8760,FAKE
7660,FAKE
6691,FAKE
6714,FAKE
7166,FAKE
8561,FAKE
5931,FAKE
3756,REAL
2844,REAL
10022,FAKE
2723,REAL
7863,FAKE
7845,FAKE
8682,FAKE
2175,REAL
5371,FAKE
532,REAL
9560,FAKE
10100,FAKE
9312,FAKE
500,REAL
9554,FAKE
7883,FAKE
7809,FAKE
8772,FAKE
1774,REAL
796,REAL
8925,FAKE
1682,REAL
5850,FAKE
5251,REAL
7168,FAKE
3969,REAL
8768,FAKE
10085,FAKE
3226,REAL
4378,REAL
7207,FAKE
2936,REAL
7142,FAKE
5540,FAKE
744,REAL
5494,FAKE
9051,FAKE
190,REAL
9497,FAKE
4214,REAL
2739,REAL
10510,FAKE
2830,REAL
879,REAL
9168,FAKE
1231,REAL
9824,FAKE
5668,FAKE
6643,FAKE
7171,FAKE
6815,FAKE
7546,FAKE
2637,REAL
7661,FAKE
6767,FAKE
1355,REAL
8026,FAKE
5517,FAKE
5880,FAKE
1703,REAL
3388,REAL
2827,REAL
5684,FAKE
2611,REAL
4334,REAL
9252,FAKE
10479,FAKE
7754,FAKE
10124,FAKE
2850,REAL
8220,FAKE
1221,REAL
323,REAL
175,REAL
2974,REAL
10497,FAKE
6883,FAKE
8926,FAKE
10211,FAKE
8447,FAKE
5669,FAKE
9278,FAKE
9468,FAKE
9058,FAKE
7860,FAKE
5271,REAL
4491,REAL
6053,FAKE
5273,REAL
8538,FAKE
4011,REAL
2326,REAL
2746,REAL
5566,FAKE
5704,FAKE
263,REAL
2212,REAL
4326,REAL
8942,FAKE
2619,REAL
6948,FAKE
10069,FAKE
1247,REAL
2219,REAL
961,REAL
962,REAL
1010,REAL
6660,FAKE
136,REAL
9620,FAKE
9998,FAKE
9937,FAKE
5154,REAL
1916,REAL
3238,REAL
5079,REAL
9210,FAKE
6035,FAKE
5121,REAL
4850,REAL
9832,FAKE
6779,FAKE
3380,REAL
10307,FAKE
4973,REAL
7498,FAKE
2305,REAL
3663,REAL
1299,REAL
7603,FAKE
2010,REAL
4051,REAL
3459,REAL
5439,FAKE
4579,REAL
1540,REAL
7265,FAKE
1555,REAL
10249,FAKE
9953,FAKE
4426,REAL
649,REAL
4768,REAL
1414,REAL
3512,REAL
8398,FAKE
8756,FAKE
2288,REAL
7049,FAKE
6869,FAKE
9931,FAKE
9444,FAKE
3617,REAL
4770,REAL
8751,FAKE
4212,REAL
3724,REAL
4245,REAL
1709,REAL
855,REAL
7586,FAKE
2530,REAL
5256,REAL
7550,FAKE
5821,FAKE
3897,REAL
7941,FAKE
7614,FAKE
2160,REAL
7257,FAKE
3812,REAL
6949,FAKE
8899,FAKE
1153,REAL
9889,FAKE
1942,REAL
6871,FAKE
3020,REAL
5233,REAL
8222,FAKE
5543,FAKE
5119,REAL
10264,FAKE
7887,FAKE
6986,FAKE
4512,REAL
6732,FAKE
4330,REAL
5021,REAL
5134,REAL
5771,FAKE
3219,REAL
9025,FAKE
8400,FAKE
717,REAL
3474,REAL
4140,REAL
2737,REAL
6451,FAKE
319,REAL
7910,FAKE
630,REAL
8237,FAKE
604,REAL
5258,REAL
2883,REAL
9274,FAKE
7420,FAKE
5268,REAL
2608,REAL
6570,FAKE
117,REAL
5541,FAKE
7874,FAKE
2913,REAL
6994,FAKE
2587,REAL
4348,REAL
5099,REAL
6183,FAKE
5343,FAKE
4345,REAL
9901,FAKE
10250,FAKE
771,REAL
2584,REAL
588,REAL
434,REAL
16,REAL
8953,FAKE
4346,REAL
3377,REAL
109,REAL
374,REAL
1053,REAL
5548,FAKE
7545,FAKE
9802,FAKE
1998,REAL
6608,FAKE
4363,REAL
4888,REAL
1859,REAL
3848,REAL
9233,FAKE
8776,FAKE
134,REAL
527,REAL
4489,REAL
3869,REAL
835,REAL
5127,REAL
7627,FAKE
5406,FAKE
7494,FAKE
5485,FAKE
4762,REAL
8924,FAKE
2081,REAL
5612,FAKE
8251,FAKE
8972,FAKE
10065,FAKE
8628,FAKE
3795,REAL
6396,FAKE
2434,REAL
7905,FAKE
3849,REAL
946,REAL
279,REAL
4892,REAL
2663,REAL
1122,REAL
6447,FAKE
4091,REAL
4564,REAL
9087,FAKE
6931,FAKE
10086,FAKE
7618,FAKE
2915,REAL
125,REAL
9882,FAKE
373,REAL
9339,FAKE
2402,REAL
1692,REAL
3521,REAL
9798,FAKE
5820,FAKE
8455,FAKE
457,REAL
3315,REAL
10516,FAKE
5193,REAL
2766,REAL
781,REAL
1149,REAL
3946,REAL
1384,REAL
4539,REAL
6892,FAKE
2427,REAL
5554,FAKE
6153,FAKE
636,REAL
3143,REAL
9205,FAKE
3227,REAL
8479,FAKE
7682,FAKE
8106,FAKE
3993,REAL
5745,FAKE
622,REAL
4508,REAL
1525,REAL
573,REAL
6126,FAKE
5549,FAKE
8718,FAKE
7380,FAKE
6868,FAKE
3856,REAL
3446,REAL
6631,FAKE
4165,REAL
2148,REAL
7154,FAKE
5849,FAKE
6745,FAKE
6901,FAKE
314,REAL
5702,FAKE
5575,FAKE
7780,FAKE
2841,REAL
4005,REAL
6386,FAKE
4267,REAL
3681,REAL
4166,REAL
7236,FAKE
4934,REAL
3760,REAL
2780,REAL
3885,REAL
6484,FAKE
1951,REAL
10523,FAKE
9422,FAKE
9276,FAKE
8834,FAKE
5319,FAKE
10015,FAKE
2932,REAL
5907,FAKE
5241,REAL
9746,FAKE
3920,REAL
2377,REAL
6285,FAKE
8729,FAKE
2311,REAL
7711,FAKE
9640,FAKE
5052,REAL
2566,REAL
9117,FAKE
8829,FAKE
462,REAL
2038,REAL
9146,FAKE
8343,FAKE
10380,FAKE
7785,FAKE
3733,REAL
6935,FAKE
1696,REAL
160,REAL
3149,REAL
4972,REAL
2060,REAL
4083,REAL
10258,FAKE
3146,REAL
7087,FAKE
9334,FAKE
483,REAL
3354,REAL
2,REAL
6580,FAKE
8468,FAKE
7635,FAKE
4452,REAL
802,REAL
504,REAL
2122,REAL
7219,FAKE
6573,FAKE
6606,FAKE
7615,FAKE
276,REAL
1975,REAL
7068,FAKE
9966,FAKE
1181,REAL
6787,FAKE
6150,FAKE
8715,FAKE
10187,FAKE
3726,REAL
4659,REAL
3953,REAL
6919,FAKE
9224,FAKE
1102,REAL
8386,FAKE
4018,REAL
9759,FAKE
8046,FAKE
8438,FAKE
10071,FAKE
9927,FAKE
4931,REAL
2242,REAL
4614,REAL
724,REAL
524,REAL
9076,FAKE
2784,REAL
779,REAL
9305,FAKE
9564,FAKE
2785,REAL
2420,REAL
3327,REAL
6211,FAKE
2207,REAL
1528,REAL
3430,REAL
6411,FAKE
2612,REAL
4221,REAL
8318,FAKE
2165,REAL
1458,REAL
3815,REAL
5464,FAKE
7563,FAKE
3973,REAL
9144,FAKE
1972,REAL
2853,REAL
2659,REAL
2283,REAL
5903,FAKE
5129,REAL
5538,FAKE
1378,REAL
2515,REAL
7466,FAKE
4913,REAL
9100,FAKE
8122,FAKE
1202,REAL
6884,FAKE
1943,REAL
7398,FAKE
3932,REAL
6592,FAKE
9169,FAKE
2082,REAL
4536,REAL
4143,REAL
3372,REAL
7146,FAKE
4523,REAL
3131,REAL
5311,FAKE
2836,REAL
3220,REAL
6012,FAKE
10372,FAKE
945,REAL
5214,REAL
4656,REAL
4904,REAL
6898,FAKE
5715,FAKE
2771,REAL
2935,REAL
3774,REAL
6115,FAKE
2900,REAL
9127,FAKE
647,REAL
5166,REAL
968,REAL
5937,FAKE
8807,FAKE
2051,REAL
6527,FAKE
1872,REAL
9724,FAKE
10284,FAKE
9588,FAKE
5860,FAKE
3787,REAL
883,REAL
6519,FAKE
7694,FAKE
3861,REAL
4613,REAL
8911,FAKE
6329,FAKE
1913,REAL
4635,REAL
6674,FAKE
7396,FAKE
728,REAL
5290,FAKE
7222,FAKE
6055,FAKE
8089,FAKE
7690,FAKE
3696,REAL
8825,FAKE
4612,REAL
8194,FAKE
4063,REAL
2951,REAL
743,REAL
8068,FAKE
862,REAL
4524,REAL
631,REAL
8035,FAKE
6479,FAKE
2756,REAL
6541,FAKE
2261,REAL
5335,FAKE
7595,FAKE
10143,FAKE
2209,REAL
398,REAL
921,REAL
6679,FAKE
1371,REAL
3638,REAL
1753,REAL
9487,FAKE
2110,REAL
3535,REAL
9954,FAKE
5199,REAL
7932,FAKE
8717,FAKE
9835,FAKE
5440,FAKE
6149,FAKE
788,REAL
2605,REAL
3874,REAL
6155,FAKE
3788,REAL
8622,FAKE
5739,FAKE
7122,FAKE
8685,FAKE
401,REAL
10234,FAKE
9360,FAKE
8879,FAKE
324,REAL
4774,REAL
7665,FAKE
3951,REAL
3137,REAL
9692,FAKE
7679,FAKE
5448,FAKE
9093,FAKE
5676,FAKE
5734,FAKE
6157,FAKE
7526,FAKE
6013,FAKE
6772,FAKE
2726,REAL
655,REAL
7066,FAKE
8072,FAKE
5032,REAL
1939,REAL
9343,FAKE
1313,REAL
2367,REAL
4380,REAL
2546,REAL
1322,REAL
9695,FAKE
9972,FAKE
3163,REAL
2466,REAL
1963,REAL
4310,REAL
9893,FAKE
6568,FAKE
3392,REAL
917,REAL
3576,REAL
4565,REAL
6951,FAKE
2254,REAL
7045,FAKE
4626,REAL
10089,FAKE
6402,FAKE
6230,FAKE
9109,FAKE
5639,FAKE
3458,REAL
3129,REAL
7071,FAKE
10517,FAKE
4503,REAL
274,REAL
10409,FAKE
9189,FAKE
9162,FAKE
5342,FAKE
782,REAL
382,REAL
9738,FAKE
2549,REAL
9208,FAKE
4407,REAL
1060,REAL
4481,REAL
4789,REAL
9851,FAKE
2495,REAL
4820,REAL
6523,FAKE
10183,FAKE
3153,REAL
3110,REAL
5091,REAL
6817,FAKE
8917,FAKE
7897,FAKE
10553,FAKE
1723,REAL
5700,FAKE
2243,REAL
2416,REAL
2775,REAL
7581,FAKE
2711,REAL
6834,FAKE
4995,REAL
5560,FAKE
9083,FAKE
5014,REAL
10463,FAKE
542,REAL
9721,FAKE
3690,REAL
9184,FAKE
2388,REAL
2089,REAL
4444,REAL
702,REAL
8199,FAKE
10252,FAKE
7268,FAKE
7305,FAKE
4454,REAL
2115,REAL
2989,REAL
3415,REAL
750,REAL
356,REAL
9393,FAKE
7313,FAKE
8408,FAKE
19,REAL
1715,REAL
222,REAL
5958,FAKE
10222,FAKE
8523,FAKE
7626,FAKE
1824,REAL
6620,FAKE
9799,FAKE
1370,REAL
5807,FAKE
4575,REAL
3169,REAL
7360,FAKE
4399,REAL
6914,FAKE
106,REAL
6646,FAKE
1641,REAL
9913,FAKE
6343,FAKE
10050,FAKE
8731,FAKE
497,REAL
9790,FAKE
2819,REAL
2734,REAL
6762,FAKE
3834,REAL
6881,FAKE
10263,FAKE
73,REAL
4507,REAL
6102,FAKE
2258,REAL
8206,FAKE
1583,REAL
7407,FAKE
2450,REAL
6547,FAKE
4291,REAL
4845,REAL
9846,FAKE
8596,FAKE
8138,FAKE
616,REAL
7877,FAKE
3105,REAL
2315,REAL
10545,FAKE
2531,REAL
5975,FAKE
8964,FAKE
244,REAL
3066,REAL
4156,REAL
5559,FAKE
2911,REAL
8986,FAKE
9452,FAKE
2633,REAL
2676,REAL
873,REAL
1170,REAL
7301,FAKE
3347,REAL
2026,REAL
5376,FAKE
9367,FAKE
1183,REAL
270,REAL
6657,FAKE
1873,REAL
4420,REAL
4139,REAL
7341,FAKE
1306,REAL
362,REAL
2588,REAL
7430,FAKE
1795,REAL
9470,FAKE
839,REAL
2782,REAL
9995,FAKE
6264,FAKE
4128,REAL
707,REAL
1039,REAL
4308,REAL
6137,FAKE
3258,REAL
5610,FAKE
2442,REAL
7073,FAKE
4710,REAL
3771,REAL
6807,FAKE
8083,FAKE
169,REAL
1179,REAL
1678,REAL
8024,FAKE
10233,FAKE
5946,FAKE
5746,FAKE
2101,REAL
4445,REAL
2362,REAL
384,REAL
1493,REAL
9403,FAKE
2532,REAL
2948,REAL
4810,REAL
680,REAL
9772,FAKE
9842,FAKE
192,REAL
4132,REAL
6768,FAKE
8396,FAKE
8849,FAKE
8338,FAKE
7227,FAKE
8340,FAKE
3218,REAL
6950,FAKE
675,REAL
2000,REAL
9351,FAKE
6450,FAKE
6244,FAKE
8028,FAKE
10223,FAKE
8549,FAKE
2189,REAL
3410,REAL
4101,REAL
9680,FAKE
14,REAL
5475,FAKE
890,REAL
8511,FAKE
8181,FAKE
5125,REAL
4590,REAL
6786,FAKE
2042,REAL
6578,FAKE
4008,REAL
10209,FAKE
2744,REAL
1463,REAL
7691,FAKE
1603,REAL
1333,REAL
6819,FAKE
6229,FAKE
468,REAL
4017,REAL
842,REAL
7816,FAKE
3927,REAL
6006,FAKE
9181,FAKE
3036,REAL
74,REAL
186,REAL
1845,REAL
2733,REAL
2363,REAL
5972,FAKE
6553,FAKE
9126,FAKE
9207,FAKE
1148,REAL
3572,REAL
8935,FAKE
1302,REAL
673,REAL
3304,REAL
8476,FAKE
4439,REAL
6683,FAKE
414,REAL
2738,REAL
10004,FAKE
298,REAL
2339,REAL
8270,FAKE
2008,REAL
4521,REAL
761,REAL
5206,REAL
10210,FAKE
1119,REAL
10444,FAKE
1133,REAL
5811,FAKE
1464,REAL
10167,FAKE
8044,FAKE
8287,FAKE
7725,FAKE
9341,FAKE
2177,REAL
8529,FAKE
3224,REAL
8298,FAKE
2287,REAL
5255,REAL
7642,FAKE
8585,FAKE
4431,REAL
2946,REAL
10549,FAKE
6852,FAKE
899,REAL
1425,REAL
8490,FAKE
17,REAL
3180,REAL
9128,FAKE
9333,FAKE
884,REAL
7989,FAKE
700,REAL
1412,REAL
2331,REAL
8248,FAKE
10113,FAKE
6953,FAKE
6561,FAKE
2202,REAL
1626,REAL
459,REAL
6431,FAKE
3624,REAL
8421,FAKE
7364,FAKE
10433,FAKE
7315,FAKE
2304,REAL
4912,REAL
8265,FAKE
6427,FAKE
5698,FAKE
10286,FAKE
9947,FAKE
987,REAL
10476,FAKE
4577,REAL
3994,REAL
8050,FAKE
708,REAL
8494,FAKE
3433,REAL
6728,FAKE
5400,FAKE
3606,REAL
1257,REAL
984,REAL
8013,FAKE
5040,REAL
1658,REAL
413,REAL
92,REAL
1071,REAL
1649,REAL
8677,FAKE
3980,REAL
8440,FAKE
6820,FAKE
10133,FAKE
9918,FAKE
3930,REAL
4848,REAL
9595,FAKE
6699,FAKE
9859,FAKE
2616,REAL
5914,FAKE
1623,REAL
7479,FAKE
3743,REAL
7264,FAKE
10221,FAKE
2386,REAL
4162,REAL
8426,FAKE
2401,REAL
3714,REAL
8410,FAKE
2055,REAL
9063,FAKE
5034,REAL
4578,REAL
2786,REAL
368,REAL
1968,REAL
8152,FAKE
8353,FAKE
140,REAL
1240,REAL
552,REAL
7884,FAKE
8857,FAKE
9220,FAKE
3303,REAL
7,REAL
8433,FAKE
3081,REAL
4223,REAL
1339,REAL
8434,FAKE
9826,FAKE
706,REAL
3102,REAL
6766,FAKE
2669,REAL
9153,FAKE
10098,FAKE
5249,REAL
7982,FAKE
4982,REAL
6125,FAKE
9804,FAKE
10378,FAKE
2351,REAL
2501,REAL
2585,REAL
4189,REAL
7945,FAKE
3775,REAL
4295,REAL
2674,REAL
8121,FAKE
3243,REAL
6773,FAKE
9380,FAKE
3800,REAL
4830,REAL
7771,FAKE
9862,FAKE
7321,FAKE
1532,REAL
9323,FAKE
4856,REAL
4116,REAL
3860,REAL
6839,FAKE
3537,REAL
6400,FAKE
7193,FAKE
8525,FAKE
7026,FAKE
9512,FAKE
1440,REAL
9140,FAKE
1462,REAL
3854,REAL
1643,REAL
8890,FAKE
5172,REAL
3850,REAL
4753,REAL
6599,FAKE
6120,FAKE
9251,FAKE
6088,FAKE
8684,FAKE
4644,REAL
141,REAL
8705,FAKE
5289,FAKE
7254,FAKE
7930,FAKE
3559,REAL
7253,FAKE
5460,FAKE
4597,REAL
7920,FAKE
815,REAL
4499,REAL
7907,FAKE
758,REAL
5801,FAKE
8764,FAKE
119,REAL
6109,FAKE
9615,FAKE
9475,FAKE
5372,FAKE
7597,FAKE
10087,FAKE
1396,REAL
569,REAL
9648,FAKE
2625,REAL
9019,FAKE
2372,REAL
2729,REAL
5330,FAKE
21,REAL
886,REAL
2717,REAL
6164,FAKE
2114,REAL
629,REAL
5423,FAKE
7137,FAKE
6007,FAKE
9443,FAKE
6355,FAKE
5673,FAKE
8667,FAKE
6025,FAKE
10507,FAKE
6050,FAKE
4849,REAL
4288,REAL
176,REAL
6809,FAKE
7979,FAKE
6127,FAKE
5017,REAL
1980,REAL
5351,FAKE
2779,REAL
5292,FAKE
7675,FAKE
1905,REAL
10340,FAKE
10390,FAKE
9417,FAKE
9837,FAKE
18,REAL
8542,FAKE
2958,REAL
5458,FAKE
6554,FAKE
7473,FAKE
5027,REAL
897,REAL
8859,FAKE
4906,REAL
4381,REAL
1928,REAL
8126,FAKE
9651,FAKE
6648,FAKE
4252,REAL
537,REAL
5837,FAKE
548,REAL
4367,REAL
1758,REAL
6672,FAKE
9818,FAKE
9745,FAKE
6158,FAKE
2245,REAL
4370,REAL
6967,FAKE
6454,FAKE
10055,FAKE
827,REAL
9779,FAKE
218,REAL
3693,REAL
10157,FAKE
3359,REAL
9562,FAKE
6277,FAKE
8546,FAKE
5847,FAKE
8064,FAKE
5584,FAKE
9527,FAKE
5499,FAKE
9463,FAKE
4733,REAL
6370,FAKE
6842,FAKE
10251,FAKE
6162,FAKE
7577,FAKE
4959,REAL
7061,FAKE
4847,REAL
5299,FAKE
2237,REAL
4924,REAL
9612,FAKE
10203,FAKE
1653,REAL
4728,REAL
3217,REAL
25,REAL
6075,FAKE
3209,REAL
904,REAL
9912,FAKE
4121,REAL
8302,FAKE
4985,REAL
9254,FAKE
1191,REAL
5098,REAL
1732,REAL
1924,REAL
5443,FAKE
5044,REAL
8783,FAKE
4126,REAL
8067,FAKE
10447,FAKE
9569,FAKE
7696,FAKE
7034,FAKE
5068,REAL
7297,FAKE
6228,FAKE
9979,FAKE
9757,FAKE
83,REAL
7984,FAKE
7020,FAKE
5724,FAKE
7378,FAKE
9313,FAKE
8422,FAKE
9684,FAKE
4461,REAL
2194,REAL
1856,REAL
2990,REAL
1821,REAL
6010,FAKE
2938,REAL
10386,FAKE
7252,FAKE
7410,FAKE
7200,FAKE
10283,FAKE
3671,REAL
3077,REAL
2473,REAL
2843,REAL
2428,REAL
4349,REAL
95,REAL
5056,REAL
2318,REAL
2468,REAL
8904,FAKE
9513,FAKE
8836,FAKE
2124,REAL
5776,FAKE
877,REAL
1707,REAL
5196,REAL
3161,REAL
4047,REAL
4983,REAL
9780,FAKE
5393,FAKE
4259,REAL
10382,FAKE
5592,FAKE
10365,FAKE
9589,FAKE
6353,FAKE
4289,REAL
5547,FAKE
1656,REAL
195,REAL
3323,REAL
1769,REAL
555,REAL
9242,FAKE
7886,FAKE
5314,FAKE
4923,REAL
9101,FAKE
239,REAL
4446,REAL
5819,FAKE
10486,FAKE
9106,FAKE
5590,FAKE
8262,FAKE
2291,REAL
3394,REAL
5642,FAKE
10531,FAKE
4638,REAL
9869,FAKE
1651,REAL
6488,FAKE
1216,REAL
3362,REAL
8023,FAKE
5476,FAKE
10300,FAKE
479,REAL
3871,REAL
2889,REAL
3888,REAL
7831,FAKE
1741,REAL
2139,REAL
3664,REAL
3644,REAL
6289,FAKE
3255,REAL
9916,FAKE
3492,REAL
2440,REAL
1400,REAL
8230,FAKE
6974,FAKE
4231,REAL
8285,FAKE
5164,REAL
2396,REAL
7761,FAKE
5671,FAKE
9355,FAKE
992,REAL
3700,REAL
3246,REAL
10178,FAKE
6847,FAKE
6266,FAKE
2224,REAL
7397,FAKE
6865,FAKE
826,REAL
8577,FAKE
8750,FAKE
10149,FAKE
1104,REAL
4569,REAL
5883,FAKE
5157,REAL
9457,FAKE
376,REAL
4081,REAL
7942,FAKE
6666,FAKE
2880,REAL
5397,FAKE
8521,FAKE
8032,FAKE
6464,FAKE
3767,REAL
5882,FAKE
9878,FAKE
9599,FAKE
7978,FAKE
2776,REAL
5113,REAL
10175,FAKE
8469,FAKE
9248,FAKE
4509,REAL
2179,REAL
7518,FAKE
7514,FAKE
9371,FAKE
7839,FAKE
3838,REAL
7009,FAKE
4686,REAL
5774,FAKE
8419,FAKE
5948,FAKE
23,REAL
5049,REAL
1739,REAL
7528,FAKE
3725,REAL
5736,FAKE
5996,FAKE
9012,FAKE
10010,FAKE
4328,REAL
8186,FAKE
1810,REAL
6604,FAKE
3732,REAL
30,REAL
5632,FAKE
7425,FAKE
2602,REAL
4563,REAL
9402,FAKE
5522,FAKE
5773,FAKE
1331,REAL
3909,REAL
1019,REAL
9565,FAKE
3333,REAL
10112,FAKE
861,REAL
9447,FAKE
5583,FAKE
6878,FAKE
8209,FAKE
10155,FAKE
972,REAL
9293,FAKE
3766,REAL
6806,FAKE
8463,FAKE
764,REAL
2332,REAL
311,REAL
7569,FAKE
2104,REAL
1683,REAL
8243,FAKE
10317,FAKE
5752,FAKE
6840,FAKE
669,REAL
2664,REAL
9175,FAKE
358,REAL
2923,REAL
8156,FAKE
2646,REAL
9337,FAKE
8560,FAKE
9719,FAKE
7116,FAKE
6437,FAKE
1620,REAL
8686,FAKE
1926,REAL
1209,REAL
9662,FAKE
77,REAL
2502,REAL
2040,REAL
4118,REAL
7076,FAKE
671,REAL
3342,REAL
3286,REAL
8709,FAKE
6373,FAKE
7147,FAKE
7636,FAKE
5486,FAKE
8125,FAKE
8470,FAKE
2963,REAL
9458,FAKE
2391,REAL
6726,FAKE
9320,FAKE
3646,REAL
8049,FAKE
5812,FAKE
5390,FAKE
7389,FAKE
2555,REAL
6564,FAKE
9515,FAKE
340,REAL
10453,FAKE
2361,REAL
2837,REAL
9,REAL
1442,REAL
2607,REAL
8793,FAKE
5170,REAL
1317,REAL
3416,REAL
7255,FAKE
1630,REAL
394,REAL
6789,FAKE
6178,FAKE
2168,REAL
6226,FAKE
1813,REAL
4657,REAL
7659,FAKE
5751,FAKE
486,REAL
2012,REAL
9047,FAKE
1786,REAL
6812,FAKE
7370,FAKE
9038,FAKE
296,REAL
6292,FAKE
3977,REAL
6678,FAKE
1946,REAL
3008,REAL
3769,REAL
4494,REAL
3503,REAL
411,REAL
113,REAL
3666,REAL
10377,FAKE
6609,FAKE
5753,FAKE
9261,FAKE
8059,FAKE
1386,REAL
4373,REAL
278,REAL
659,REAL
1955,REAL
1851,REAL
5605,FAKE
6529,FAKE
1522,REAL
5216,REAL
581,REAL
3715,REAL
523,REAL
646,REAL
4694,REAL
4205,REAL
8037,FAKE
9627,FAKE
4198,REAL
5674,FAKE
579,REAL
3319,REAL
7369,FAKE
10242,FAKE
6255,FAKE
3172,REAL
9103,FAKE
10202,FAKE
1514,REAL
2741,REAL
9474,FAKE
68,REAL
3282,REAL
4855,REAL
1088,REAL
6295,FAKE
1966,REAL
10166,FAKE
5766,FAKE
628,REAL
7936,FAKE
2697,REAL
5989,FAKE
221,REAL
8484,FAKE
5899,FAKE
4264,REAL
8576,FAKE
1567,REAL
7770,FAKE
8971,FAKE
5304,FAKE
7165,FAKE
10241,FAKE
9089,FAKE
9191,FAKE
9723,FAKE
3796,REAL
6512,FAKE
1245,REAL
10219,FAKE
6902,FAKE
2886,REAL
5441,FAKE
1751,REAL
971,REAL
10457,FAKE
8315,FAKE
4287,REAL
2262,REAL
8141,FAKE
6862,FAKE
8591,FAKE
1669,REAL
9013,FAKE
665,REAL
1714,REAL
2133,REAL
8082,FAKE
6644,FAKE
5459,FAKE
7755,FAKE
5729,FAKE
6703,FAKE
10075,FAKE
6978,FAKE
3284,REAL
1145,REAL
5138,REAL
913,REAL
5596,FAKE
9816,FAKE
1061,REAL
8999,FAKE
349,REAL
2205,REAL
6665,FAKE
227,REAL
8054,FAKE
7759,FAKE
8163,FAKE
9800,FAKE
4887,REAL
4700,REAL
8145,FAKE
10170,FAKE
4676,REAL
422,REAL
8378,FAKE
470,REAL
5395,FAKE
7646,FAKE
4164,REAL
7258,FAKE
5732,FAKE
778,REAL
606,REAL
8004,FAKE
8906,FAKE
8939,FAKE
2341,REAL
9328,FAKE
5069,REAL
7515,FAKE
8990,FAKE
8155,FAKE
9437,FAKE
6223,FAKE
1718,REAL
2492,REAL
3680,REAL
8758,FAKE
7311,FAKE
5468,FAKE
2106,REAL
1027,REAL
2281,REAL
8372,FAKE
1730,REAL
6268,FAKE
8634,FAKE
9502,FAKE
4787,REAL
8007,FAKE
6093,FAKE
9394,FAKE
10424,FAKE
9742,FAKE
3464,REAL
4255,REAL
5782,FAKE
57,REAL
4514,REAL
4655,REAL
4060,REAL
3619,REAL
2236,REAL
6371,FAKE
7896,FAKE
7606,FAKE
282,REAL
4840,REAL
2246,REAL
4278,REAL
991,REAL
6305,FAKE
4027,REAL
10323,FAKE
7686,FAKE
3297,REAL
3992,REAL
10151,FAKE
5862,FAKE
1477,REAL
3185,REAL
1535,REAL
5834,FAKE
5086,REAL
5624,FAKE
8838,FAKE
685,REAL
5792,FAKE
6098,FAKE
3820,REAL
8650,FAKE
1201,REAL
3716,REAL
9679,FAKE
2570,REAL
7079,FAKE
1833,REAL
354,REAL
6383,FAKE
8592,FAKE
9623,FAKE
10518,FAKE
3828,REAL
1679,REAL
93,REAL
10261,FAKE
6747,FAKE
2108,REAL
694,REAL
3542,REAL
4587,REAL
2865,REAL
1110,REAL
101,REAL
198,REAL
6752,FAKE
4998,REAL
6406,FAKE
985,REAL
6455,FAKE
5759,FAKE
1542,REAL
7513,FAKE
6775,FAKE
1255,REAL
9976,FAKE
6629,FAKE
351,REAL
5770,FAKE
1647,REAL
3296,REAL
6068,FAKE
4327,REAL
2982,REAL
9392,FAKE
2446,REAL
7653,FAKE
6209,FAKE
4708,REAL
8698,FAKE
2163,REAL
8195,FAKE
627,REAL
99,REAL
1116,REAL
9530,FAKE
4505,REAL
4135,REAL
5839,FAKE
9797,FAKE
6795,FAKE
8268,FAKE
9396,FAKE
9451,FAKE
3073,REAL
3322,REAL
10032,FAKE
3175,REAL
6302,FAKE
3114,REAL
1674,REAL
6422,FAKE
4250,REAL
2422,REAL
5438,FAKE
8171,FAKE
5452,FAKE
3851,REAL
7773,FAKE
3802,REAL
8767,FAKE
5756,FAKE
10511,FAKE
2409,REAL
4864,REAL
5938,FAKE
6409,FAKE
1784,REAL
3379,REAL
9018,FAKE
9694,FAKE
5103,REAL
3424,REAL
4560,REAL
8669,FAKE
6830,FAKE
10441,FAKE
1587,REAL
9919,FAKE
1478,REAL
8267,FAKE
4704,REAL
3601,REAL
7060,FAKE
4971,REAL
3386,REAL
4757,REAL
9840,FAKE
10244,FAKE
7744,FAKE
2223,REAL
7720,FAKE
2410,REAL
6515,FAKE
5902,FAKE
1430,REAL
2574,REAL
651,REAL
7551,FAKE
4696,REAL
2248,REAL
4495,REAL
4643,REAL
8619,FAKE
5650,FAKE
1513,REAL
10342,FAKE
412,REAL
2324,REAL
7387,FAKE
10499,FAKE
8146,FAKE
3375,REAL
2521,REAL
153,REAL
8132,FAKE
3364,REAL
1505,REAL
6520,FAKE
2423,REAL
1450,REAL
3116,REAL
8016,FAKE
4572,REAL
4336,REAL
2431,REAL
6526,FAKE
1136,REAL
1750,REAL
4528,REAL
1915,REAL
7519,FAKE
5237,REAL
7256,FAKE
5409,FAKE
6284,FAKE
2799,REAL
5188,REAL
5730,FAKE
9303,FAKE
9379,FAKE
1344,REAL
1492,REAL
3011,REAL
4958,REAL
8851,FAKE
6755,FAKE
1822,REAL
5364,FAKE
6552,FAKE
7091,FAKE
8579,FAKE
1879,REAL
1578,REAL
3056,REAL
2004,REAL
9860,FAKE
4591,REAL
1719,REAL
9080,FAKE
4502,REAL
1597,REAL
2181,REAL
5949,FAKE
701,REAL
7534,FAKE
248,REAL
9586,FAKE
4038,REAL
7132,FAKE
6697,FAKE
3501,REAL
1037,REAL
3283,REAL
7923,FAKE
6341,FAKE
1529,REAL
517,REAL
4900,REAL
2862,REAL
7000,FAKE
8692,FAKE
870,REAL
2238,REAL
3244,REAL
9214,FAKE
403,REAL
10341,FAKE
5701,FAKE
5587,FAKE
7249,FAKE
1536,REAL
658,REAL
1204,REAL
8700,FAKE
7371,FAKE
3261,REAL
4302,REAL
5586,FAKE
3451,REAL
3590,REAL
7926,FAKE
5957,FAKE
9922,FAKE
10268,FAKE
4462,REAL
10130,FAKE
7192,FAKE
5689,FAKE
8648,FAKE
8450,FAKE
4045,REAL
1740,REAL
4648,REAL
9118,FAKE
7892,FAKE
5324,FAKE
9296,FAKE
5696,FAKE
2942,REAL
3241,REAL
7338,FAKE
6366,FAKE
2953,REAL
7031,FAKE
5574,FAKE
4568,REAL
981,REAL
6304,FAKE
3491,REAL
799,REAL
9577,FAKE
3223,REAL
7279,FAKE
6710,FAKE
594,REAL
440,REAL
3050,REAL
1584,REAL
2670,REAL
9272,FAKE
951,REAL
4074,REAL
10322,FAKE
1397,REAL
3191,REAL
3440,REAL
1883,REAL
10492,FAKE
1349,REAL
1252,REAL
5932,FAKE
4647,REAL
7578,FAKE
3876,REAL
6112,FAKE
1608,REAL
4902,REAL
1699,REAL
9264,FAKE
9471,FAKE
1501,REAL
3778,REAL
6981,FAKE
6761,FAKE
4557,REAL
3735,REAL
3890,REAL
9873,FAKE
3321,REAL
4969,REAL
3262,REAL
4220,REAL
836,REAL
10313,FAKE
8753,FAKE
1729,REAL
6338,FAKE
824,REAL
419,REAL
6548,FAKE
574,REAL
36,REAL
1569,REAL
10140,FAKE
9827,FAKE
8739,FAKE
4804,REAL
666,REAL
5353,FAKE
8362,FAKE
161,REAL
4099,REAL
6607,FAKE
3214,REAL
2176,REAL
8391,FAKE
5205,REAL
4359,REAL
10042,FAKE
7501,FAKE
5768,FAKE
1297,REAL
9617,FAKE
8968,FAKE
5062,REAL
9770,FAKE
10091,FAKE
8659,FAKE
9302,FAKE
9376,FAKE
5218,REAL
1996,REAL
3918,REAL
184,REAL
10474,FAKE
2350,REAL
5228,REAL
8351,FAKE
3259,REAL
8642,FAKE
4150,REAL
3829,REAL
7681,FAKE
7080,FAKE
233,REAL
3620,REAL
10057,FAKE
8271,FAKE
9459,FAKE
6116,FAKE
1327,REAL
2885,REAL
345,REAL
9120,FAKE
433,REAL
4172,REAL
4665,REAL
9324,FAKE
8824,FAKE
8551,FAKE
7657,FAKE
8708,FAKE
10310,FAKE
7183,FAKE
8277,FAKE
7601,FAKE
3005,REAL
6456,FAKE
5360,FAKE
3089,REAL
8774,FAKE
5648,FAKE
7220,FAKE
7969,FAKE
9989,FAKE
5215,REAL
5780,FAKE
6350,FAKE
9465,FAKE
1941,REAL
9008,FAKE
7605,FAKE
7477,FAKE
7368,FAKE
3144,REAL
2517,REAL
72,REAL
3254,REAL
7022,FAKE
6803,FAKE
3515,REAL
5955,FAKE
6204,FAKE
9600,FAKE
6375,FAKE
2412,REAL
988,REAL
2436,REAL
4144,REAL
1278,REAL
8010,FAKE
4975,REAL
2241,REAL
2854,REAL
5493,FAKE
4689,REAL
3285,REAL
3580,REAL
928,REAL
7324,FAKE
8594,FAKE
2660,REAL
7882,FAKE
2787,REAL
171,REAL
2743,REAL
9539,FAKE
8464,FAKE
7777,FAKE
1269,REAL
6510,FAKE
237,REAL
911,REAL
269,REAL
10540,FAKE
9159,FAKE
7667,FAKE
6057,FAKE
813,REAL
10543,FAKE
7829,FAKE
2725,REAL
8920,FAKE
9649,FAKE
3058,REAL
3316,REAL
5529,FAKE
7094,FAKE
10358,FAKE
6788,FAKE
3490,REAL
10522,FAKE
2491,REAL
10164,FAKE
8020,FAKE
348,REAL
4281,REAL
10505,FAKE
3479,REAL
4956,REAL
3641,REAL
3596,REAL
7539,FAKE
8115,FAKE
8962,FAKE
272,REAL
3574,REAL
6121,FAKE
7625,FAKE
441,REAL
8018,FAKE
1301,REAL
4207,REAL
10427,FAKE
1296,REAL
5092,REAL
3551,REAL
2761,REAL
9981,FAKE
2398,REAL
5137,REAL
474,REAL
10355,FAKE
5420,FAKE
1852,REAL
2383,REAL
6110,FAKE
9445,FAKE
1406,REAL
1616,REAL
869,REAL
854,REAL
9848,FAKE
7538,FAKE
3506,REAL
3528,REAL
443,REAL
2770,REAL
6722,FAKE
7685,FAKE
3592,REAL
9203,FAKE
7354,FAKE
6319,FAKE
8169,FAKE
6502,FAKE
9682,FAKE
1228,REAL
10120,FAKE
2691,REAL
1454,REAL
45,REAL
6813,FAKE
5194,REAL
5614,FAKE
3341,REAL
2244,REAL
4858,REAL
1130,REAL
9218,FAKE
7848,FAKE
9410,FAKE
6398,FAKE
6622,FAKE
10126,FAKE
8223,FAKE
4253,REAL
8789,FAKE
10107,FAKE
3754,REAL
4808,REAL
819,REAL
2173,REAL
4160,REAL
9609,FAKE
8865,FAKE
7300,FAKE
6802,FAKE
2510,REAL
2979,REAL
8116,FAKE
8025,FAKE
626,REAL
10524,FAKE
2881,REAL
4209,REAL
9734,FAKE
3538,REAL
7099,FAKE
8770,FAKE
1290,REAL
7623,FAKE
2379,REAL
4949,REAL
3523,REAL
9761,FAKE
1548,REAL
1220,REAL
9001,FAKE
10021,FAKE
7181,FAKE
7974,FAKE
3215,REAL
1307,REAL
5426,FAKE
3232,REAL
3344,REAL
420,REAL
7497,FAKE
8483,FAKE
4279,REAL
50,REAL
2360,REAL
7042,FAKE
878,REAL
8465,FAKE
4176,REAL
7988,FAKE
493,REAL
6033,FAKE
9423,FAKE
9987,FAKE
4409,REAL
4625,REAL
6432,FAKE
5823,FAKE
7198,FAKE
9017,FAKE
4477,REAL
8331,FAKE
5952,FAKE
43,REAL
4114,REAL
103,REAL
3466,REAL
4930,REAL
2349,REAL
4800,REAL
825,REAL
4473,REAL
7437,FAKE
496,REAL
2840,REAL
9930,FAKE
6618,FAKE
1515,REAL
273,REAL
5657,FAKE
6065,FAKE
6705,FAKE
3092,REAL
1095,REAL
3613,REAL
2624,REAL
4954,REAL
9104,FAKE
5212,REAL
3984,REAL
3346,REAL
1198,REAL
9747,FAKE
10387,FAKE
1590,REAL
8947,FAKE
800,REAL
5498,FAKE
9509,FAKE
5454,FAKE
2718,REAL
9991,FAKE
10314,FAKE
10031,FAKE
455,REAL
4929,REAL
39,REAL
2526,REAL
774,REAL
4650,REAL
7602,FAKE
1014,REAL
10442,FAKE
3793,REAL
7092,FAKE
8845,FAKE
7802,FAKE
9384,FAKE
5826,FAKE
1570,REAL
498,REAL
151,REAL
9952,FAKE
4933,REAL
6458,FAKE
6177,FAKE
178,REAL
9839,FAKE
930,REAL
7121,FAKE
6927,FAKE
4624,REAL
9143,FAKE
8063,FAKE
9075,FAKE
10294,FAKE
3337,REAL
4268,REAL
9792,FAKE
2896,REAL
9253,FAKE
1886,REAL
2724,REAL
3041,REAL
5064,REAL
120,REAL
9134,FAKE
10028,FAKE
4256,REAL
3797,REAL
4854,REAL
8586,FAKE
5280,FAKE
7228,FAKE
1720,REAL
9438,FAKE
6374,FAKE
8663,FAKE
1754,REAL
2550,REAL
5769,FAKE
6181,FAKE
4185,REAL
6804,FAKE
944,REAL
9636,FAKE
8661,FAKE
2191,REAL
1423,REAL
1640,REAL
465,REAL
2030,REAL
6467,FAKE
6206,FAKE
7229,FAKE
9307,FAKE
5359,FAKE
9308,FAKE
9363,FAKE
9514,FAKE
1841,REAL
6243,FAKE
1673,REAL
10394,FAKE
3887,REAL
3140,REAL
7664,FAKE
6544,FAKE
254,REAL
7746,FAKE
1840,REAL
5998,FAKE
7810,FAKE
3821,REAL
7271,FAKE
9460,FAKE
7520,FAKE
7955,FAKE
3670,REAL
6054,FAKE
3957,REAL
6836,FAKE
257,REAL
1163,REAL
6595,FAKE
6855,FAKE
6239,FAKE
322,REAL
3847,REAL
4254,REAL
2033,REAL
9478,FAKE
2804,REAL
3289,REAL
5347,FAKE
6597,FAKE
565,REAL
8640,FAKE
142,REAL
7803,FAKE
7127,FAKE
5016,REAL
7671,FAKE
704,REAL
4809,REAL
3030,REAL
4002,REAL
695,REAL
3583,REAL
5483,FAKE
1023,REAL
10498,FAKE
5108,REAL
5336,FAKE
691,REAL
8973,FAKE
1140,REAL
8956,FAKE
1925,REAL
6203,FAKE
5128,REAL
8371,FAKE
5884,FAKE
1256,REAL
10348,FAKE
7226,FAKE
3247,REAL
736,REAL
6970,FAKE
4430,REAL
261,REAL
3028,REAL
8643,FAKE
6721,FAKE
5085,REAL
2658,REAL
6132,FAKE
9216,FAKE
1263,REAL
3524,REAL
2675,REAL
1917,REAL
5286,FAKE
1006,REAL
5341,FAKE
7358,FAKE
4340,REAL
4124,REAL
8356,FAKE
3511,REAL
2795,REAL
6442,FAKE
6048,FAKE
3017,REAL
5114,REAL
8660,FAKE
4606,REAL
9287,FAKE
9673,FAKE
6759,FAKE
7164,FAKE
5457,FAKE
8321,FAKE
7999,FAKE
7959,FAKE
1863,REAL
5057,REAL
5855,FAKE
3966,REAL
2233,REAL
6719,FAKE
3634,REAL
5576,FAKE
9285,FAKE
5991,FAKE
8420,FAKE
5777,FAKE
5025,REAL
2017,REAL
8736,FAKE
4238,REAL
8481,FAKE
990,REAL
9404,FAKE
3508,REAL
6444,FAKE
9411,FAKE
10296,FAKE
2463,REAL
4941,REAL
10135,FAKE
9598,FAKE
5094,REAL
7524,FAKE
9235,FAKE
7339,FAKE
5825,FAKE
8983,FAKE
6704,FAKE
5147,REAL
7117,FAKE
4793,REAL
7223,FAKE
7345,FAKE
857,REAL
7643,FAKE
6499,FAKE
1195,REAL
10049,FAKE
6105,FAKE
8077,FAKE
6045,FAKE
1556,REAL
9028,FAKE
7774,FAKE
5274,REAL
10297,FAKE
9166,FAKE
5542,FAKE
10422,FAKE
6281,FAKE
2195,REAL
5856,FAKE
8762,FAKE
3200,REAL
1568,REAL
3608,REAL
5909,FAKE
4806,REAL
1919,REAL
3211,REAL
7736,FAKE
216,REAL
2221,REAL
732,REAL
3421,REAL
9965,FAKE
7277,FAKE
5608,FAKE
4584,REAL
7032,FAKE
1816,REAL
8949,FAKE
5518,FAKE
5146,REAL
703,REAL
1213,REAL
9778,FAKE
1561,REAL
5502,FAKE
6662,FAKE
1357,REAL
4496,REAL
7952,FAKE
9314,FAKE
4472,REAL
453,REAL
10547,FAKE
5266,REAL
5675,FAKE
4227,REAL
9449,FAKE
10179,FAKE
7522,FAKE
2044,REAL
1005,REAL
4147,REAL
10097,FAKE
3004,REAL
8691,FAKE
4897,REAL
9119,FAKE
1818,REAL
260,REAL
6296,FAKE
5141,REAL
9544,FAKE
5245,REAL
557,REAL
7995,FAKE
7572,FAKE
9643,FAKE
3454,REAL
9156,FAKE
8240,FAKE
9625,FAKE
754,REAL
7030,FAKE
4632,REAL
5709,FAKE
4645,REAL
964,REAL
7215,FAKE
1162,REAL
2686,REAL
3075,REAL
4966,REAL
220,REAL
4615,REAL
487,REAL
9614,FAKE
8360,FAKE
10152,FAKE
1242,REAL
2722,REAL
4542,REAL
7836,FAKE
1074,REAL
3194,REAL
3691,REAL
3842,REAL
1899,REAL
5580,FAKE
1495,REAL
4032,REAL
1217,REAL
7991,FAKE
881,REAL
8513,FAKE
9401,FAKE
6220,FAKE
522,REAL
5581,FAKE
12,REAL
7949,FAKE
9525,FAKE
1611,REAL
9558,FAKE
2061,REAL
333,REAL
8505,FAKE
9043,FAKE
7634,FAKE
618,REAL
6895,FAKE
1664,REAL
7003,FAKE
6287,FAKE
3752,REAL
7043,FAKE
1433,REAL
4261,REAL
7856,FAKE
7826,FAKE
3894,REAL
2777,REAL
745,REAL
6849,FAKE
9070,FAKE
2904,REAL
7162,FAKE
4586,REAL
7160,FAKE
9059,FAKE
2155,REAL
9389,FAKE
8294,FAKE
1938,REAL
2282,REAL
9899,FAKE
473,REAL
615,REAL
9632,FAKE
624,REAL
1716,REAL
3033,REAL
7441,FAKE
5338,FAKE
9480,FAKE
7306,FAKE
8161,FAKE
1627,REAL
9295,FAKE
6636,FAKE
920,REAL
2648,REAL
1091,REAL
8734,FAKE
391,REAL
7210,FAKE
7540,FAKE
5503,FAKE
2981,REAL
8179,FAKE
1328,REAL
6460,FAKE
8367,FAKE
107,REAL
9596,FAKE
9758,FAKE
9771,FAKE
8794,FAKE
5658,FAKE
8672,FAKE
9629,FAKE
1365,REAL
5514,FAKE
3059,REAL
2613,REAL
435,REAL
4239,REAL
3991,REAL
9158,FAKE
5096,REAL
8322,FAKE
7977,FAKE
8526,FAKE
9488,FAKE
7053,FAKE
1434,REAL
10038,FAKE
6106,FAKE
6536,FAKE
922,REAL
2610,REAL
5181,REAL
994,REAL
5143,REAL
1405,REAL
4520,REAL
6743,FAKE
4230,REAL
1146,REAL
2768,REAL
3679,REAL
8061,FAKE
5257,REAL
643,REAL
2861,REAL
1031,REAL
7054,FAKE
1908,REAL
6979,FAKE
1967,REAL
2405,REAL
4664,REAL
6428,FAKE
9545,FAKE
10430,FAKE
7570,FAKE
1103,REAL
5519,FAKE
1663,REAL
2462,REAL
7454,FAKE
4961,REAL
10367,FAKE
5609,FAKE
5888,FAKE
3427,REAL
3439,REAL
3093,REAL
10062,FAKE
2252,REAL
5375,FAKE
7312,FAKE
2662,REAL
8912,FAKE
1744,REAL
960,REAL
7263,FAKE
5148,REAL
7028,FAKE
2272,REAL
9211,FAKE
1068,REAL
5037,REAL
9353,FAKE
3826,REAL
7594,FAKE
4487,REAL
9702,FAKE
4249,REAL
2542,REAL
3668,REAL
4141,REAL
6026,FAKE
1324,REAL
4280,REAL
8810,FAKE
8552,FAKE
5380,FAKE
6290,FAKE
7014,FAKE
3765,REAL
7424,FAKE
8533,FAKE
5048,REAL
4362,REAL
5484,FAKE
8335,FAKE
1235,REAL
8376,FAKE
6929,FAKE
2183,REAL
421,REAL
6518,FAKE
3598,REAL
4815,REAL
2641,REAL
10024,FAKE
1346,REAL
7475,FAKE
1057,REAL
10192,FAKE
4300,REAL
8197,FAKE
8274,FAKE
78,REAL
8480,FAKE
7095,FAKE
4271,REAL
3235,REAL
5403,FAKE
5521,FAKE
5469,FAKE
4448,REAL
1849,REAL
4188,REAL
5644,FAKE
6059,FAKE
6259,FAKE
3960,REAL
5930,FAKE
6167,FAKE
8238,FAKE
5959,FAKE
10399,FAKE
8680,FAKE
7797,FAKE
5325,FAKE
4960,REAL
2540,REAL
6316,FAKE
9325,FAKE
4438,REAL
1844,REAL
8664,FAKE
2704,REAL
2980,REAL
1778,REAL
9613,FAKE
3002,REAL
9700,FAKE
3164,REAL
5408,FAKE
1922,REAL
6315,FAKE
4387,REAL
3833,REAL
4909,REAL
5926,FAKE
2213,REAL
7799,FAKE
9102,FAKE
10484,FAKE
9843,FAKE
8497,FAKE
2552,REAL
7698,FAKE
2715,REAL
9970,FAKE
1956,REAL
2568,REAL
1866,REAL
7495,FAKE
2452,REAL
291,REAL
10102,FAKE
1485,REAL
8062,FAKE
4604,REAL
2906,REAL
9691,FAKE
5904,FAKE
3562,REAL
5191,REAL
10417,FAKE
9820,FAKE
2683,REAL
10064,FAKE
4821,REAL
9618,FAKE
2548,REAL
480,REAL
1735,REAL
3564,REAL
8142,FAKE
2680,REAL
1614,REAL
1114,REAL
660,REAL
287,REAL
219,REAL
9155,FAKE
3824,REAL
619,REAL
6117,FAKE
7232,FAKE
7445,FAKE
8137,FAKE
307,REAL
1033,REAL
7102,FAKE
1491,REAL
513,REAL
3659,REAL
9288,FAKE
1258,REAL
1999,REAL
10281,FAKE
5871,FAKE
566,REAL
3431,REAL
1700,REAL
8281,FAKE
9762,FAKE
5407,FAKE
10452,FAKE
8822,FAKE
2893,REAL
3947,REAL
2018,REAL
9891,FAKE
8757,FAKE
5788,FAKE
6866,FAKE
7096,FAKE
1461,REAL
3094,REAL
739,REAL
4052,REAL
7505,FAKE
1588,REAL
2571,REAL
10063,FAKE
5852,FAKE
7611,FAKE
9737,FAKE
5466,FAKE
2519,REAL
8293,FAKE
2488,REAL
3635,REAL
3488,REAL
4785,REAL
1265,REAL
1690,REAL
5013,REAL
4064,REAL
3791,REAL
3857,REAL
1214,REAL
395,REAL
5500,FAKE
4315,REAL
1254,REAL
9262,FAKE
6027,FAKE
5912,FAKE
4396,REAL
2921,REAL
1125,REAL
7209,FAKE
5987,FAKE
3776,REAL
2845,REAL
2627,REAL
9230,FAKE
2057,REAL
3324,REAL
5755,FAKE
288,REAL
8432,FAKE
6490,FAKE
8748,FAKE
9078,FAKE
1078,REAL
592,REAL
8615,FAKE
1756,REAL
3159,REAL
7931,FAKE
5259,REAL
6964,FAKE
4478,REAL
5747,FAKE
1224,REAL
7812,FAKE
9131,FAKE
2563,REAL
9484,FAKE
5368,FAKE
2073,REAL
1499,REAL
2154,REAL
9644,FAKE
2831,REAL
807,REAL
4786,REAL
8808,FAKE
5348,FAKE
8383,FAKE
139,REAL
8066,FAKE
2511,REAL
1437,REAL
10480,FAKE
7823,FAKE
3350,REAL
4978,REAL
3418,REAL
4269,REAL
2278,REAL
9187,FAKE
8105,FAKE
4313,REAL
1021,REAL
5035,REAL
3741,REAL
9326,FAKE
88,REAL
6187,FAKE
3548,REAL
2994,REAL
1126,REAL
9267,FAKE
7350,FAKE
7085,FAKE
7598,FAKE
3309,REAL
3839,REAL
1830,REAL
3353,REAL
8196,FAKE
9283,FAKE
8572,FAKE
4168,REAL
6300,FAKE
7898,FAKE
3257,REAL
8085,FAKE
4666,REAL
5897,FAKE
9171,FAKE
1710,REAL
3202,REAL
1550,REAL
7024,FAKE
3585,REAL
6094,FAKE
1054,REAL
8631,FAKE
1893,REAL
3188,REAL
8047,FAKE
518,REAL
8675,FAKE
2172,REAL
2432,REAL
6972,FAKE
6630,FAKE
10509,FAKE
8863,FAKE
8417,FAKE
4623,REAL
10290,FAKE
5219,REAL
3278,REAL
7362,FAKE
10056,FAKE
10142,FAKE
7788,FAKE
266,REAL
6903,FAKE
2487,REAL
10304,FAKE
1238,REAL
8377,FAKE
5176,REAL
5358,FAKE
2586,REAL
949,REAL
8336,FAKE
3496,REAL
9690,FAKE
10109,FAKE
8217,FAKE
44,REAL
6912,FAKE
3626,REAL
3587,REAL
385,REAL
7098,FAKE
5076,REAL
3317,REAL
2985,REAL
5789,FAKE
8870,FAKE
9775,FAKE
5282,FAKE
10006,FAKE
5876,FAKE
6060,FAKE
1336,REAL
7852,FAKE
8211,FAKE
3915,REAL
4748,REAL
859,REAL
3029,REAL
2216,REAL
4458,REAL
4217,REAL
4410,REAL
7007,FAKE
9958,FAKE
6064,FAKE
5111,REAL
4979,REAL
575,REAL
1047,REAL
6934,FAKE
10245,FAKE
8746,FAKE
7738,FAKE
1521,REAL
1073,REAL
6624,FAKE
8365,FAKE
1878,REAL
1282,REAL
4190,REAL
4283,REAL
735,REAL
6332,FAKE
5269,REAL
7651,FAKE
6461,FAKE
7844,FAKE
2997,REAL
3677,REAL
5794,FAKE
1157,REAL
1722,REAL
4013,REAL
3627,REAL
7588,FAKE
9196,FAKE
3273,REAL
4736,REAL
4447,REAL
6663,FAKE
7851,FAKE
8841,FAKE
6753,FAKE
6392,FAKE
2113,REAL
183,REAL
2098,REAL
4319,REAL
7947,FAKE
2623,REAL
6395,FAKE
7921,FAKE
4401,REAL
9602,FAKE
6404,FAKE
1971,REAL
5066,REAL
1952,REAL
9231,FAKE
1794,REAL
5923,FAKE
325,REAL
4435,REAL
3478,REAL
2142,REAL
2214,REAL
6323,FAKE
2759,REAL
5105,REAL
6099,FAKE
5944,FAKE
6024,FAKE
1109,REAL
2270,REAL
342,REAL
3197,REAL
5602,FAKE
4649,REAL
3764,REAL
3827,REAL
6219,FAKE
4827,REAL
4942,REAL
3307,REAL
620,REAL
6032,FAKE
4977,REAL
4791,REAL
3109,REAL
6733,FAKE
7250,FAKE
4394,REAL
8988,FAKE
710,REAL
9279,FAKE
8097,FAKE
3514,REAL
2801,REAL
9728,FAKE
26,REAL
5781,FAKE
3352,REAL
4822,REAL
737,REAL
7908,FAKE
1635,REAL
3150,REAL
2650,REAL
9227,FAKE
8900,FAKE
3563,REAL
3245,REAL
9268,FAKE
6987,FAKE
4192,REAL
8655,FAKE
1526,REAL
5915,FAKE
5779,FAKE
5679,FAKE
5396,FAKE
1820,REAL
9454,FAKE
7006,FAKE
8428,FAKE
7426,FAKE
6044,FAKE
1906,REAL
10361,FAKE
7038,FAKE
299,REAL
7134,FAKE
5891,FAKE
4701,REAL
7199,FAKE
6543,FAKE
10079,FAKE
3136,REAL
8228,FAKE
5953,FAKE
7189,FAKE
126,REAL
1575,REAL
2322,REAL
887,REAL
4004,REAL
7600,FAKE
4873,REAL
8543,FAKE
6751,FAKE
5895,FAKE
224,REAL
1931,REAL
343,REAL
1239,REAL
2135,REAL
5184,REAL
5722,FAKE
9236,FAKE
10275,FAKE
9461,FAKE
8131,FAKE
4730,REAL
7574,FAKE
59,REAL
2976,REAL
4084,REAL
556,REAL
4492,REAL
4179,REAL
8530,FAKE
10519,FAKE
5416,FAKE
6036,FAKE
8451,FAKE
306,REAL
806,REAL
1156,REAL
2909,REAL
5467,FAKE
10266,FAKE
5118,REAL
10048,FAKE
843,REAL
6867,FAKE
7084,FAKE
7059,FAKE
1064,REAL
3674,REAL
10469,FAKE
1243,REAL
9455,FAKE
2559,REAL
1069,REAL
9543,FAKE
2425,REAL
6661,FAKE
7589,FAKE
8173,FAKE
5412,FAKE
5886,FAKE
8991,FAKE
957,REAL
2271,REAL
52,REAL
5401,FAKE
1315,REAL
9521,FAKE
9395,FAKE
3686,REAL
5527,FAKE
9529,FAKE
4611,REAL
10363,FAKE
10272,FAKE
1043,REAL
3294,REAL
5081,REAL
4940,REAL
9925,FAKE
8003,FAKE
4453,REAL
8275,FAKE
2158,REAL
9767,FAKE
7536,FAKE
8503,FAKE
4622,REAL
4203,REAL
726,REAL
6235,FAKE
285,REAL
6165,FAKE
6673,FAKE
9331,FAKE
4037,REAL
2514,REAL
4943,REAL
10455,FAKE
642,REAL
10462,FAKE
7090,FAKE
4474,REAL
6973,FAKE
590,REAL
7701,FAKE
6774,FAKE
6101,FAKE
2255,REAL
60,REAL
3042,REAL
3736,REAL
3603,REAL
6588,FAKE
8565,FAKE
8148,FAKE
9490,FAKE
9576,FAKE
5298,FAKE
1574,REAL
1161,REAL
4440,REAL
3055,REAL
8974,FAKE
6249,FAKE
8638,FAKE
5515,FAKE
4142,REAL
9164,FAKE
8563,FAKE
2816,REAL
1847,REAL
6632,FAKE
7294,FAKE
3267,REAL
217,REAL
6066,FAKE
4621,REAL
8231,FAKE
3288,REAL
6410,FAKE
9670,FAKE
6805,FAKE
7954,FAKE
2702,REAL
6667,FAKE
3575,REAL
3435,REAL
236,REAL
1229,REAL
2105,REAL
469,REAL
1482,REAL
3189,REAL
1762,REAL
2399,REAL
4879,REAL
3067,REAL
8087,FAKE
2872,REAL
7433,FAKE
8411,FAKE
7794,FAKE
5453,FAKE
7262,FAKE
4990,REAL
1408,REAL
4731,REAL
10541,FAKE
10420,FAKE
4297,REAL
292,REAL
5905,FAKE
3387,REAL
1395,REAL
4824,REAL
10411,FAKE
3898,REAL
8769,FAKE
677,REAL
2279,REAL
9368,FAKE
4058,REAL
8466,FAKE
1857,REAL
9234,FAKE
1631,REAL
8301,FAKE
530,REAL
5352,FAKE
6385,FAKE
1637,REAL
7148,FAKE
912,REAL
10542,FAKE
10391,FAKE
5795,FAKE
6232,FAKE
7487,FAKE
4146,REAL
9345,FAKE
6827,FAKE
10058,FAKE
5072,REAL
6976,FAKE
8537,FAKE
4127,REAL
8043,FAKE
9082,FAKE
3875,REAL
1012,REAL
5478,FAKE
4718,REAL
2059,REAL
2182,REAL
3652,REAL
623,REAL
2102,REAL
3928,REAL
4265,REAL
2211,REAL
3938,REAL
7153,FAKE
9594,FAKE
910,REAL
10,REAL
789,REAL
2504,REAL
1318,REAL
7730,FAKE
1829,REAL
4131,REAL
1453,REAL
1743,REAL
5874,FAKE
4065,REAL
7772,FAKE
8689,FAKE
7217,FAKE
3971,REAL
9538,FAKE
2851,REAL
5523,FAKE
9712,FAKE
2426,REAL
7973,FAKE
3859,REAL
10339,FAKE
9108,FAKE
3157,REAL
8022,FAKE
4028,REAL
4075,REAL
281,REAL
7231,FAKE
2439,REAL
690,REAL
5920,FAKE
3989,REAL
6052,FAKE
8235,FAKE
4398,REAL
4685,REAL
9535,FAKE
7419,FAKE
1680,REAL
7502,FAKE
8457,FAKE
8488,FAKE
7902,FAKE
7590,FAKE
4540,REAL
698,REAL
4316,REAL
7843,FAKE
1439,REAL
388,REAL
2072,REAL
767,REAL
10181,FAKE
2630,REAL
240,REAL
3699,REAL
512,REAL
6615,FAKE
1582,REAL
3604,REAL
5033,REAL
339,REAL
7269,FAKE
6566,FAKE
8629,FAKE
3639,REAL
133,REAL
3448,REAL
935,REAL
8754,FAKE
8745,FAKE
2903,REAL
3193,REAL
8821,FAKE
9370,FAKE
3117,REAL
10515,FAKE
9748,FAKE
8554,FAKE
1086,REAL
5221,REAL
380,REAL
4671,REAL
4402,REAL
2477,REAL
54,REAL
5551,FAKE
848,REAL
9246,FAKE
1655,REAL
3134,REAL
1312,REAL
8773,FAKE
5802,FAKE
639,REAL
6196,FAKE
8507,FAKE
3706,REAL
2596,REAL
7913,FAKE
9656,FAKE
939,REAL
3407,REAL
9432,FAKE
1475,REAL
35,REAL
8017,FAKE
7876,FAKE
5391,FAKE
5190,REAL
6379,FAKE
2046,REAL
6311,FAKE
2797,REAL
5142,REAL
3486,REAL
9904,FAKE
8412,FAKE
875,REAL
196,REAL
7726,FAKE
1250,REAL
9943,FAKE
6906,FAKE
8348,FAKE
6844,FAKE
2668,REAL
7405,FAKE
1901,REAL
7221,FAKE
720,REAL
7986,FAKE
6134,FAKE
7213,FAKE
5599,FAKE
756,REAL
7697,FAKE
3253,REAL
9483,FAKE
10196,FAKE
3904,REAL
2735,REAL
167,REAL
5491,FAKE
5095,REAL
6063,FAKE
10526,FAKE
442,REAL
2037,REAL
5705,FAKE
5110,REAL
8088,FAKE
7735,FAKE
1184,REAL
3830,REAL
4883,REAL
3819,REAL
7555,FAKE
2694,REAL
3477,REAL
8260,FAKE
6367,FAKE
817,REAL
8995,FAKE
9139,FAKE
5202,REAL
7144,FAKE
8960,FAKE
8352,FAKE
6713,FAKE
8839,FAKE
6453,FAKE
8153,FAKE
4516,REAL
243,REAL
4145,REAL
7273,FAKE
5084,REAL
3786,REAL
9398,FAKE
9879,FAKE
5421,FAKE
4515,REAL
2919,REAL
9232,FAKE
3645,REAL
4130,REAL
4922,REAL
8875,FAKE
7276,FAKE
5761,FAKE
1115,REAL
2159,REAL
3866,REAL
1808,REAL
5504,FAKE
9375,FAKE
1896,REAL
4937,REAL
10200,FAKE
3727,REAL
7791,FAKE
1385,REAL
9098,FAKE
7737,FAKE
6280,FAKE
6516,FAKE
4073,REAL
6690,FAKE
7114,FAKE
8775,FAKE
8811,FAKE
1401,REAL
8635,FAKE
5738,FAKE
5307,FAKE
6072,FAKE
823,REAL
7542,FAKE
6818,FAKE
5765,FAKE
4571,REAL
4030,REAL
100,REAL
6449,FAKE
2912,REAL
3825,REAL
7067,FAKE
977,REAL
8058,FAKE
4882,REAL
1602,REAL
7476,FAKE
1725,REAL
2062,REAL
9229,FAKE
2001,REAL
3179,REAL
3335,REAL
9467,FAKE
4354,REAL
6412,FAKE
10240,FAKE
5088,REAL
10053,FAKE
9667,FAKE
8777,FAKE
9583,FAKE
7388,FAKE
5661,FAKE
5071,REAL
7178,FAKE
1862,REAL
6238,FAKE
3177,REAL
9836,FAKE
6778,FAKE
4062,REAL
8516,FAKE
5047,REAL
9003,FAKE
534,REAL
786,REAL
277,REAL
1581,REAL
3356,REAL
328,REAL
7699,FAKE
3373,REAL
8368,FAKE
4016,REAL
8804,FAKE
5854,FAKE
294,REAL
3954,REAL
361,REAL
5531,FAKE
8799,FAKE
9744,FAKE
4187,REAL
8893,FAKE
2971,REAL
1554,REAL
9157,FAKE
2749,REAL
2052,REAL
444,REAL
9935,FAKE
2294,REAL
4859,REAL
9042,FAKE
8333,FAKE
4333,REAL
6891,FAKE
5690,FAKE
1303,REAL
3618,REAL
7464,FAKE
7348,FAKE
7126,FAKE
4375,REAL
7517,FAKE
772,REAL
1566,REAL
2074,REAL
8357,FAKE
9240,FAKE
3911,REAL
3339,REAL
7521,FAKE
1409,REAL
3256,REAL
5995,FAKE
613,REAL
2024,REAL
6737,FAKE
1079,REAL
2464,REAL
449,REAL
320,REAL
1279,REAL
9557,FAKE
9222,FAKE
1560,REAL
7186,FAKE
9014,FAKE
10096,FAKE
9435,FAKE
9450,FAKE
4714,REAL
10419,FAKE
3384,REAL
5620,FAKE
1042,REAL
4598,REAL
8175,FAKE
4408,REAL
1330,REAL
8602,FAKE
461,REAL
6500,FAKE
1268,REAL
7304,FAKE
341,REAL
8943,FAKE
3738,REAL
773,REAL
9364,FAKE
7008,FAKE
9197,FAKE
1512,REAL
8472,FAKE
6067,FAKE
8687,FAKE
1167,REAL
8339,FAKE
7450,FAKE
4526,REAL
3647,REAL
10078,FAKE
4585,REAL
8613,FAKE
6298,FAKE
7284,FAKE
5301,FAKE
4120,REAL
1612,REAL
8813,FAKE
1040,REAL
7112,FAKE
5073,REAL
8548,FAKE
9831,FAKE
4836,REAL
3761,REAL
4247,REAL
122,REAL
10319,FAKE
1628,REAL
4210,REAL
2483,REAL
8198,FAKE
37,REAL
9501,FAKE
6260,FAKE
9906,FAKE
367,REAL
6558,FAKE
9064,FAKE
10477,FAKE
258,REAL
2993,REAL
3184,REAL
9946,FAKE
6070,FAKE
10176,FAKE
5636,FAKE
10514,FAKE
1644,REAL
3414,REAL
1617,REAL
1827,REAL
80,REAL
4602,REAL
94,REAL
2490,REAL
8590,FAKE
2957,REAL
526,REAL
9332,FAKE
705,REAL
6569,FAKE
731,REAL
10332,FAKE
188,REAL
3823,REAL
2905,REAL
8632,FAKE
7721,FAKE
9881,FAKE
4911,REAL
4456,REAL
9409,FAKE
7349,FAKE
1118,REAL
4759,REAL
7830,FAKE
9035,FAKE
6800,FAKE
6848,FAKE
9190,FAKE
3781,REAL
7457,FAKE
8885,FAKE
7216,FAKE
595,REAL
9668,FAKE
5332,FAKE
7057,FAKE
8027,FAKE
4752,REAL
2808,REAL
2076,REAL
950,REAL
5601,FAKE
5699,FAKE
9900,FAKE
955,REAL
3361,REAL
3016,REAL
4094,REAL
7119,FAKE
2933,REAL
4951,REAL
597,REAL
5043,REAL
506,REAL
2476,REAL
1788,REAL
1050,REAL
3363,REAL
4814,REAL
370,REAL
295,REAL
7529,FAKE
1376,REAL
3628,REAL
7927,FAKE
1731,REAL
908,REAL
837,REAL
6448,FAKE
7587,FAKE
10472,FAKE
816,REAL
3072,REAL
6434,FAKE
7985,FAKE
8473,FAKE
5808,FAKE
7266,FAKE
3138,REAL
559,REAL
8673,FAKE
2424,REAL
571,REAL
5764,FAKE
1285,REAL
1949,REAL
10557,FAKE
5367,FAKE
6799,FAKE
305,REAL
7161,FAKE
3884,REAL
9016,FAKE
10414,FAKE
5083,REAL
4024,REAL
3893,REAL
8361,FAKE
9887,FAKE
1705,REAL
1701,REAL
4423,REAL
8633,FAKE
10257,FAKE
9568,FAKE
6275,FAKE
7317,FAKE
6270,FAKE
7149,FAKE
7357,FAKE
5597,FAKE
4484,REAL
1207,REAL
1225,REAL
7467,FAKE
3115,REAL
8056,FAKE
7962,FAKE
3313,REAL
840,REAL
9046,FAKE
4532,REAL
858,REAL
3809,REAL
8761,FAKE
1936,REAL
9309,FAKE
8933,FAKE
4305,REAL
5392,FAKE
9805,FAKE
3121,REAL
6419,FAKE
7021,FAKE
1502,REAL
5534,FAKE
2185,REAL
5331,FAKE
1815,REAL
9657,FAKE
131,REAL
5323,FAKE
4500,REAL
8423,FAKE
2657,REAL
1621,REAL
9542,FAKE
6023,FAKE
4541,REAL
3903,REAL
4122,REAL
9377,FAKE
9476,FAKE
9743,FAKE
4312,REAL
9015,FAKE
8418,FAKE
2348,REAL
8938,FAKE
